CREATE DATABASE NETNENNET
GO

CREATE TABLE tblDONGIA (
    MaDonGia VARCHAR(10) PRIMARY KEY,
    DonGia MONEY NOT NULL
)
GO

INSERT INTO tblDONGIA VALUES ('DG001', 10000)
INSERT INTO tblDONGIA VALUES ('DG002', 20000)
INSERT INTO tblDONGIA VALUES ('DG003', 30000)
GO


CREATE TABLE tblPHONG (
    MaPhong VARCHAR(10) PRIMARY KEY,
    TenPhong NVARCHAR(50) NOT NULL,
    MaDonGia VARCHAR(10) NOT NULL,
	SoMay INT NOT NULL,
    FOREIGN KEY (MaDonGia) REFERENCES tblDONGIA(MaDonGia)
)
GO


INSERT INTO tblPHONG VALUES ('P001', 'BASIC', 'DG001', 25)
INSERT INTO tblPHONG VALUES ('P002', 'VIP', 'DG002', 25)
INSERT INTO tblPHONG VALUES ('P003', 'SVIP', 'DG003', 25)
GO

CREATE TABLE tblDUNGLUONG(
    MaDungLuong VARCHAR(10) PRIMARY KEY,
    DungLuong INT NOT NULL
)
GO


INSERT INTO tblDUNGLUONG VALUES ('RAM001', 8)
INSERT INTO tblDUNGLUONG VALUES ('RAM002', 16)
INSERT INTO tblDUNGLUONG VALUES ('RAM003', 32)
INSERT INTO tblDUNGLUONG VALUES ('ROM001', 128)
INSERT INTO tblDUNGLUONG VALUES ('ROM002', 256)
INSERT INTO tblDUNGLUONG VALUES ('ROM003', 512)
GO

CREATE TABLE tblOCUNG (
    MaOCung VARCHAR(10) PRIMARY KEY,
    TenOCung NVARCHAR(50) NOT NULL,
    MaDungLuong VARCHAR(10) NOT NULL,
    FOREIGN KEY (MaDungLuong) REFERENCES tblDUNGLUONG(MaDungLuong)
)
GO

INSERT INTO tblOCUNG VALUES ('OC001', 'Kingston', 'ROM003')
INSERT INTO tblOCUNG VALUES ('OC002', 'WD', 'ROM002')
INSERT INTO tblOCUNG VALUES ('OC003', 'Seagate', 'ROM003')
GO

CREATE TABLE tblCHIP (
    MaChip VARCHAR(10) PRIMARY KEY,
    TenChip NVARCHAR(50) NOT NULL
)
GO

INSERT INTO tblCHIP VALUES ('CHIP001', 'Intel Core i9 9900K')
INSERT INTO tblCHIP VALUES ('CHIP002', 'AMD Ryzen 7 3700X')
INSERT INTO tblCHIP VALUES ('CHIP003', 'AMD Ryzen 9 3900X')
GO

CREATE TABLE tblRAM (
    MaRAM VARCHAR(10) PRIMARY KEY,
    TenRAM NVARCHAR(50) NOT NULL,
    MaDungLuong VARCHAR(10) NOT NULL,
    FOREIGN KEY (MaDungLuong) REFERENCES tblDUNGLUONG(MaDungLuong)
)
GO

INSERT INTO tblRAM VALUES ('RAM001', 'Kingston', 'RAM001')
INSERT INTO tblRAM VALUES ('RAM002', 'Corsair', 'RAM002')
INSERT INTO tblRAM VALUES ('RAM003', 'Corsairr', 'RAM003')
GO

CREATE TABLE tblMANHINH (
    MaManHinh VARCHAR(10) PRIMARY KEY,
    TenManHinh NVARCHAR(50) NOT NULL
)
GO

INSERT INTO tblMANHINH VALUES ('MH001', 'BenQ')
INSERT INTO tblMANHINH VALUES ('MH002', 'ViewSonic')
INSERT INTO tblMANHINH VALUES ('MH003', 'EDRA')
GO


CREATE TABLE tblCOMANHINH (
    MaCoManHinh VARCHAR(10) PRIMARY KEY,
    TenCoManHinh NVARCHAR(50) NOT NULL
)
GO

INSERT INTO tblCOMANHINH VALUES ('CMH001', '24 inch')
INSERT INTO tblCOMANHINH VALUES ('CMH002', '27 inch')
INSERT INTO tblCOMANHINH VALUES ('CMH003', '32 inch')
GO

CREATE TABLE tblCHUOT (
    MaChuot VARCHAR(10) PRIMARY KEY,
    TenChuot NVARCHAR(50) NOT NULL
)
GO

INSERT INTO tblCHUOT VALUES ('CH001', 'Logitech')
INSERT INTO tblCHUOT VALUES ('CH002', 'Corsair')
INSERT INTO tblCHUOT VALUES ('CH003', 'Zowie')
GO


CREATE TABLE tblBANPHIM (
    MaBanPhim VARCHAR(10) PRIMARY KEY,
    TenBanPhim NVARCHAR(50) NOT NULL
)
GO

INSERT INTO tblBANPHIM VALUES ('BP001', 'Logitech')
INSERT INTO tblBANPHIM VALUES ('BP002', 'Corsair')
INSERT INTO tblBANPHIM VALUES ('BP003', 'Zowie')
GO


CREATE TABLE tblLOA (
    MaLoa VARCHAR(10) PRIMARY KEY,
    TenLoa NVARCHAR(50) NOT NULL
)
GO

INSERT INTO tblLOA VALUES ('LOA001', 'JBLLL')
INSERT INTO tblLOA VALUES ('LOA002', 'Marshall')
INSERT INTO tblLOA VALUES ('LOA003', 'JBL')
INSERT INTO tblLOA VALUES ('LOA004', 'Bose')
GO

CREATE TABLE tblMAYTINH (
    MaMay VARCHAR(10) PRIMARY KEY,
    MaPhong VARCHAR(10) NOT NULL,
    MaOCung VARCHAR(10) NOT NULL,
    MaRAM VARCHAR(10) NOT NULL,
    MaChip VARCHAR(10) NOT NULL,
    MaManHinh VARCHAR(10) NOT NULL,
    MaCoManHinh VARCHAR(10) NOT NULL,
    MaChuot VARCHAR(10) NOT NULL,
    MaBanPhim VARCHAR(10) NOT NULL,
    MaLoa VARCHAR(10) NOT NULL,
    MaDonGia VARCHAR(10) NOT NULL,
    TinhTrang BIT NOT NULL,
    GhiChu NVARCHAR(50),
    FOREIGN KEY (MaOCung) REFERENCES tblOCUNG(MaOCung),
    FOREIGN KEY (MaRAM) REFERENCES tblRAM(MaRAM),
    FOREIGN KEY (MaChip) REFERENCES tblCHIP(MaChip),
    FOREIGN KEY (MaManHinh) REFERENCES tblMANHINH(MaManHinh),
    FOREIGN KEY (MaCoManHinh) REFERENCES tblCOMANHINH(MaCoManHinh),
    FOREIGN KEY (MaChuot) REFERENCES tblCHUOT(MaChuot),
    FOREIGN KEY (MaBanPhim) REFERENCES tblBANPHIM(MaBanPhim),
    FOREIGN KEY (MaLoa) REFERENCES tblLOA(MaLoa)
)
GO

INSERT INTO tblMAYTINH VALUES
('MT101', 'P001', 'OC001', 'RAM001', 'CHIP001', 'MH001','CMH001', 'CH001', 'BP001', 'LOA001', 'DG001', 1, 'Good'),
('MT102', 'P001', 'OC001', 'RAM001', 'CHIP001', 'MH001','CMH001', 'CH001', 'BP001', 'LOA001', 'DG001', 1, 'Good'),
('MT103', 'P001', 'OC001', 'RAM001', 'CHIP001', 'MH001','CMH001', 'CH001', 'BP001', 'LOA001', 'DG001', 1, 'Good'),
('MT104', 'P001', 'OC001', 'RAM001', 'CHIP001', 'MH001','CMH001', 'CH001', 'BP001', 'LOA001', 'DG001', 1, 'Good'),
('MT105', 'P001', 'OC001', 'RAM001', 'CHIP001', 'MH001','CMH001', 'CH001', 'BP001', 'LOA001', 'DG001', 1, 'Good'),
('MT106', 'P001', 'OC001', 'RAM001', 'CHIP001', 'MH001','CMH001', 'CH001', 'BP001', 'LOA001', 'DG001', 1, 'Good'),
('MT107', 'P001', 'OC001', 'RAM001', 'CHIP001', 'MH001','CMH001', 'CH001', 'BP001', 'LOA001', 'DG001', 1, 'Good'),
('MT108', 'P001', 'OC001', 'RAM001', 'CHIP001', 'MH001','CMH001', 'CH001', 'BP001', 'LOA001', 'DG001', 1, 'Good'),
('MT109', 'P001', 'OC001', 'RAM001', 'CHIP001', 'MH001','CMH001', 'CH001', 'BP001', 'LOA001', 'DG001', 1, 'Good'),
('MT110', 'P001', 'OC001', 'RAM001', 'CHIP001', 'MH001','CMH001', 'CH001', 'BP001', 'LOA001', 'DG001', 1, 'Good'),
('MT111', 'P001', 'OC001', 'RAM001', 'CHIP001', 'MH001','CMH001', 'CH001', 'BP001', 'LOA001', 'DG001', 1, 'Good'),
('MT112', 'P001', 'OC001', 'RAM001', 'CHIP001', 'MH001','CMH001', 'CH001', 'BP001', 'LOA001', 'DG001', 1, 'Good'),
('MT113', 'P001', 'OC001', 'RAM001', 'CHIP001', 'MH001','CMH001', 'CH001', 'BP001', 'LOA001', 'DG001', 1, 'Good'),
('MT114', 'P001', 'OC001', 'RAM001', 'CHIP001', 'MH001','CMH001', 'CH001', 'BP001', 'LOA001', 'DG001', 1, 'Good'),
('MT115', 'P001', 'OC001', 'RAM001', 'CHIP001', 'MH001','CMH001', 'CH001', 'BP001', 'LOA001', 'DG001', 1, 'Good'),
('MT116', 'P001', 'OC001', 'RAM001', 'CHIP001', 'MH001','CMH001', 'CH001', 'BP001', 'LOA001', 'DG001', 1, 'Good'),
('MT117', 'P001', 'OC001', 'RAM001', 'CHIP001', 'MH001','CMH001', 'CH001', 'BP001', 'LOA001', 'DG001', 1, 'Good'),
('MT118', 'P001', 'OC001', 'RAM001', 'CHIP001', 'MH001','CMH001', 'CH001', 'BP001', 'LOA001', 'DG001', 1, 'Good'),
('MT119', 'P001', 'OC001', 'RAM001', 'CHIP001', 'MH001','CMH001', 'CH001', 'BP001', 'LOA001', 'DG001', 1, 'Good'),
('MT120', 'P001', 'OC001', 'RAM001', 'CHIP001', 'MH001','CMH001', 'CH001', 'BP001', 'LOA001', 'DG001', 1, 'Good'),
('MT121', 'P001', 'OC001', 'RAM001', 'CHIP001', 'MH001','CMH001', 'CH001', 'BP001', 'LOA001', 'DG001', 1, 'Good'),
('MT122', 'P001', 'OC001', 'RAM001', 'CHIP001', 'MH001','CMH001', 'CH001', 'BP001', 'LOA001', 'DG001', 1, 'Good'),
('MT123', 'P001', 'OC001', 'RAM001', 'CHIP001', 'MH001','CMH001', 'CH001', 'BP001', 'LOA001', 'DG001', 1, 'Good'),
('MT124', 'P001', 'OC001', 'RAM001', 'CHIP001', 'MH001','CMH001', 'CH001', 'BP001', 'LOA001', 'DG001', 1, 'Good'),
('MT125', 'P001', 'OC001', 'RAM001', 'CHIP001', 'MH001','CMH001', 'CH001', 'BP001', 'LOA001', 'DG001', 1, 'Good');



INSERT INTO tblMAYTINH VALUES
('MT201', 'P002', 'OC002', 'RAM002', 'CHIP002', 'MH002','CMH002', 'CH002', 'BP002', 'LOA002', 'DG002', 1, 'Good'),
('MT202', 'P002', 'OC002', 'RAM002', 'CHIP002', 'MH002','CMH002', 'CH002', 'BP002', 'LOA002', 'DG002', 1, 'Good'),
('MT203', 'P002', 'OC002', 'RAM002', 'CHIP002', 'MH002','CMH002', 'CH002', 'BP002', 'LOA002', 'DG002', 1, 'Good'),
('MT204', 'P002', 'OC002', 'RAM002', 'CHIP002', 'MH002','CMH002', 'CH002', 'BP002', 'LOA002', 'DG002', 1, 'Good'),
('MT205', 'P002', 'OC002', 'RAM002', 'CHIP002', 'MH002','CMH002', 'CH002', 'BP002', 'LOA002', 'DG002', 1, 'Good'),
('MT206', 'P002', 'OC002', 'RAM002', 'CHIP002', 'MH002','CMH002', 'CH002', 'BP002', 'LOA002', 'DG002', 1, 'Good'),
('MT207', 'P002', 'OC002', 'RAM002', 'CHIP002', 'MH002','CMH002', 'CH002', 'BP002', 'LOA002', 'DG002', 1, 'Good'),
('MT208', 'P002', 'OC002', 'RAM002', 'CHIP002', 'MH002','CMH002', 'CH002', 'BP002', 'LOA002', 'DG002', 1, 'Good'),
('MT209', 'P002', 'OC002', 'RAM002', 'CHIP002', 'MH002','CMH002', 'CH002', 'BP002', 'LOA002', 'DG002', 1, 'Good'),
('MT210', 'P002', 'OC002', 'RAM002', 'CHIP002', 'MH002','CMH002', 'CH002', 'BP002', 'LOA002', 'DG002', 1, 'Good'),
('MT211', 'P002', 'OC002', 'RAM002', 'CHIP002', 'MH002','CMH002', 'CH002', 'BP002', 'LOA002', 'DG002', 1, 'Good'),
('MT212', 'P002', 'OC002', 'RAM002', 'CHIP002', 'MH002','CMH002', 'CH002', 'BP002', 'LOA002', 'DG002', 1, 'Good'),
('MT213', 'P002', 'OC002', 'RAM002', 'CHIP002', 'MH002','CMH002', 'CH002', 'BP002', 'LOA002', 'DG002', 1, 'Good'),
('MT214', 'P002', 'OC002', 'RAM002', 'CHIP002', 'MH002','CMH002', 'CH002', 'BP002', 'LOA002', 'DG002', 1, 'Good'),
('MT215', 'P002', 'OC002', 'RAM002', 'CHIP002', 'MH002','CMH002', 'CH002', 'BP002', 'LOA002', 'DG002', 1, 'Good'),
('MT216', 'P002', 'OC002', 'RAM002', 'CHIP002', 'MH002','CMH002', 'CH002', 'BP002', 'LOA002', 'DG002', 1, 'Good'),
('MT217', 'P002', 'OC002', 'RAM002', 'CHIP002', 'MH002','CMH002', 'CH002', 'BP002', 'LOA002', 'DG002', 1, 'Good'),
('MT218', 'P002', 'OC002', 'RAM002', 'CHIP002', 'MH002','CMH002', 'CH002', 'BP002', 'LOA002', 'DG002', 1, 'Good'),
('MT219', 'P002', 'OC002', 'RAM002', 'CHIP002', 'MH002','CMH002', 'CH002', 'BP002', 'LOA002', 'DG002', 1, 'Good'),
('MT220', 'P002', 'OC002', 'RAM002', 'CHIP002', 'MH002','CMH002', 'CH002', 'BP002', 'LOA002', 'DG002', 1, 'Good'),
('MT221', 'P002', 'OC002', 'RAM002', 'CHIP002', 'MH002','CMH002', 'CH002', 'BP002', 'LOA002', 'DG002', 1, 'Good'),
('MT222', 'P002', 'OC002', 'RAM002', 'CHIP002', 'MH002','CMH002', 'CH002', 'BP002', 'LOA002', 'DG002', 1, 'Good'),
('MT223', 'P002', 'OC002', 'RAM002', 'CHIP002', 'MH002','CMH002', 'CH002', 'BP001', 'LOA002', 'DG002', 1, 'Good'),
('MT224', 'P002', 'OC002', 'RAM002', 'CHIP002', 'MH002','CMH002', 'CH002', 'BP001', 'LOA002', 'DG002', 1, 'Good'),
('MT225', 'P002', 'OC002', 'RAM002', 'CHIP002', 'MH002','CMH002', 'CH002', 'BP001', 'LOA002', 'DG002', 1, 'Good');


INSERT INTO tblMAYTINH VALUES
('MT301', 'P003', 'OC003', 'RAM003', 'CHIP003', 'MH003', 'CMH003', 'CH003', 'BP003', 'LOA003', 'DG003', 1, 'Good'),
('MT302', 'P003', 'OC003', 'RAM003', 'CHIP003', 'MH003', 'CMH003', 'CH003', 'BP003', 'LOA003', 'DG003', 1, 'Good'),
('MT303', 'P003', 'OC003', 'RAM003', 'CHIP003', 'MH003', 'CMH003', 'CH003', 'BP003', 'LOA003', 'DG003', 1, 'Good'),
('MT304', 'P003', 'OC003', 'RAM003', 'CHIP003', 'MH003', 'CMH003', 'CH003', 'BP003', 'LOA003', 'DG003', 1, 'Good'),
('MT305', 'P003', 'OC003', 'RAM003', 'CHIP003', 'MH003', 'CMH003', 'CH003', 'BP003', 'LOA003', 'DG003', 1, 'Good'),
('MT306', 'P003', 'OC003', 'RAM003', 'CHIP003', 'MH003', 'CMH003', 'CH003', 'BP003', 'LOA003', 'DG003', 1, 'Good'),
('MT307', 'P003', 'OC003', 'RAM003', 'CHIP003', 'MH003', 'CMH003', 'CH003', 'BP003', 'LOA003', 'DG003', 1, 'Good'),
('MT308', 'P003', 'OC003', 'RAM003', 'CHIP003', 'MH003', 'CMH003', 'CH003', 'BP003', 'LOA003', 'DG003', 1, 'Good'),
('MT309', 'P003', 'OC003', 'RAM003', 'CHIP003', 'MH003', 'CMH003', 'CH003', 'BP003', 'LOA003', 'DG003', 1, 'Good'),
('MT310', 'P003', 'OC003', 'RAM003', 'CHIP003', 'MH003', 'CMH003', 'CH003', 'BP003', 'LOA003', 'DG003', 1, 'Good'),
('MT311', 'P003', 'OC003', 'RAM003', 'CHIP003', 'MH003', 'CMH003', 'CH003', 'BP003', 'LOA003', 'DG003', 1, 'Good'),
('MT312', 'P003', 'OC003', 'RAM003', 'CHIP003', 'MH003', 'CMH003', 'CH003', 'BP003', 'LOA003', 'DG003', 1, 'Good'),
('MT313', 'P003', 'OC003', 'RAM003', 'CHIP003', 'MH003', 'CMH003', 'CH003', 'BP003', 'LOA003', 'DG003', 1, 'Good'),
('MT314', 'P003', 'OC003', 'RAM003', 'CHIP003', 'MH003', 'CMH003', 'CH003', 'BP003', 'LOA003', 'DG003', 1, 'Good'),
('MT315', 'P003', 'OC003', 'RAM003', 'CHIP003', 'MH003', 'CMH003', 'CH003', 'BP003', 'LOA003', 'DG003', 1, 'Good'),
('MT316', 'P003', 'OC003', 'RAM003', 'CHIP003', 'MH003', 'CMH003', 'CH003', 'BP003', 'LOA003', 'DG003', 1, 'Good'),
('MT317', 'P003', 'OC003', 'RAM003', 'CHIP003', 'MH003', 'CMH003', 'CH003', 'BP003', 'LOA003', 'DG003', 1, 'Good'),
('MT318', 'P003', 'OC003', 'RAM003', 'CHIP003', 'MH003', 'CMH003', 'CH003', 'BP003', 'LOA003', 'DG003', 1, 'Good'),
('MT319', 'P003', 'OC003', 'RAM003', 'CHIP003', 'MH003', 'CMH003', 'CH003', 'BP003', 'LOA003', 'DG003', 1, 'Good'),
('MT320', 'P003', 'OC003', 'RAM003', 'CHIP003', 'MH003', 'CMH003', 'CH003', 'BP003', 'LOA003', 'DG003', 1, 'Good'),
('MT321', 'P003', 'OC003', 'RAM003', 'CHIP003', 'MH003', 'CMH003', 'CH003', 'BP003', 'LOA003', 'DG003', 1, 'Good'),
('MT322', 'P003', 'OC003', 'RAM003', 'CHIP003', 'MH003', 'CMH003', 'CH003', 'BP003', 'LOA003', 'DG003', 1, 'Good'),
('MT323', 'P003', 'OC003', 'RAM003', 'CHIP003', 'MH003', 'CMH003', 'CH003', 'BP003', 'LOA003', 'DG003', 1, 'Good'),
('MT324', 'P003', 'OC003', 'RAM003', 'CHIP003', 'MH003', 'CMH003', 'CH003', 'BP003', 'LOA003', 'DG003', 1, 'Good'),
('MT325', 'P003', 'OC003', 'RAM003', 'CHIP003', 'MH003', 'CMH003', 'CH003', 'BP003', 'LOA003', 'DG003', 1, 'Good');

SELECT * FROM tblMAYTINH
